{"customer_id": "C3", "basket": [{"product_id": "P57", "price": 1389}, {"product_id": "P56", "price": 1561}, {"product_id": "P60", "price": 1615}], "date_of_purchase": "2020-11-11 01:21:17.490059"}
{"customer_id": "C8", "basket": [{"product_id": "P51", "price": 1407}], "date_of_purchase": "2020-11-11 10:55:17.490059"}
{"customer_id": "C12", "basket": [{"product_id": "P43", "price": 104}, {"product_id": "P56", "price": 1699}, {"product_id": "P41", "price": 992}], "date_of_purchase": "2020-11-11 15:52:17.490059"}
{"customer_id": "C14", "basket": [{"product_id": "P22", "price": 1899}, {"product_id": "P32", "price": 1007}, {"product_id": "P32", "price": 746}], "date_of_purchase": "2020-11-10 21:33:17.490059"}
{"customer_id": "C18", "basket": [{"product_id": "P63", "price": 911}, {"product_id": "P64", "price": 274}], "date_of_purchase": "2020-11-11 08:34:17.490059"}
{"customer_id": "C22", "basket": [{"product_id": "P39", "price": 534}, {"product_id": "P37", "price": 1573}, {"product_id": "P39", "price": 532}], "date_of_purchase": "2020-11-11 10:32:17.490059"}
{"customer_id": "C27", "basket": [{"product_id": "P17", "price": 683}, {"product_id": "P15", "price": 760}, {"product_id": "P17", "price": 740}], "date_of_purchase": "2020-11-11 12:50:17.490059"}
{"customer_id": "C50", "basket": [{"product_id": "P04", "price": 799}, {"product_id": "P05", "price": 59}, {"product_id": "P03", "price": 1755}], "date_of_purchase": "2020-11-11 02:43:17.490059"}
{"customer_id": "C53", "basket": [{"product_id": "P53", "price": 218}, {"product_id": "P55", "price": 1165}, {"product_id": "P43", "price": 82}], "date_of_purchase": "2020-11-11 01:11:17.490059"}
{"customer_id": "C62", "basket": [{"product_id": "P50", "price": 899}, {"product_id": "P46", "price": 50}], "date_of_purchase": "2020-11-11 04:55:17.490059"}
{"customer_id": "C63", "basket": [{"product_id": "P55", "price": 1152}], "date_of_purchase": "2020-11-11 16:33:17.490059"}
{"customer_id": "C64", "basket": [{"product_id": "P25", "price": 1891}, {"product_id": "P27", "price": 558}, {"product_id": "P33", "price": 1035}], "date_of_purchase": "2020-11-11 00:42:17.490059"}
{"customer_id": "C76", "basket": [{"product_id": "P40", "price": 454}], "date_of_purchase": "2020-11-10 21:51:17.490059"}
{"customer_id": "C77", "basket": [{"product_id": "P08", "price": 1763}, {"product_id": "P10", "price": 1537}], "date_of_purchase": "2020-11-11 15:49:17.490059"}
{"customer_id": "C92", "basket": [{"product_id": "P32", "price": 467}, {"product_id": "P28", "price": 618}, {"product_id": "P26", "price": 1162}], "date_of_purchase": "2020-11-11 16:10:17.490059"}
{"customer_id": "C93", "basket": [{"product_id": "P31", "price": 1067}, {"product_id": "P23", "price": 982}], "date_of_purchase": "2020-11-11 15:40:17.490059"}
{"customer_id": "C94", "basket": [{"product_id": "P04", "price": 327}], "date_of_purchase": "2020-11-11 11:33:17.490059"}
{"customer_id": "C95", "basket": [{"product_id": "P25", "price": 317}, {"product_id": "P23", "price": 943}], "date_of_purchase": "2020-11-11 04:09:17.490059"}
{"customer_id": "C97", "basket": [{"product_id": "P30", "price": 1883}], "date_of_purchase": "2020-11-11 04:39:17.490059"}
{"customer_id": "C98", "basket": [{"product_id": "P64", "price": 1297}, {"product_id": "P61", "price": 1424}], "date_of_purchase": "2020-11-11 16:44:17.490059"}
{"customer_id": "C101", "basket": [{"product_id": "P62", "price": 1709}, {"product_id": "P64", "price": 1074}], "date_of_purchase": "2020-11-11 09:59:17.490059"}
{"customer_id": "C107", "basket": [{"product_id": "P32", "price": 1465}, {"product_id": "P31", "price": 1640}], "date_of_purchase": "2020-11-11 12:24:17.490059"}
{"customer_id": "C110", "basket": [{"product_id": "P62", "price": 1983}, {"product_id": "P64", "price": 751}], "date_of_purchase": "2020-11-11 10:04:17.490059"}
{"customer_id": "C112", "basket": [{"product_id": "P50", "price": 1492}], "date_of_purchase": "2020-11-11 14:26:17.490059"}
{"customer_id": "C122", "basket": [{"product_id": "P40", "price": 1443}, {"product_id": "P35", "price": 1276}], "date_of_purchase": "2020-11-11 14:26:17.490059"}
{"customer_id": "C127", "basket": [{"product_id": "P22", "price": 1912}, {"product_id": "P25", "price": 164}, {"product_id": "P32", "price": 702}], "date_of_purchase": "2020-11-11 08:27:17.490059"}
{"customer_id": "C134", "basket": [{"product_id": "P05", "price": 732}, {"product_id": "P07", "price": 1756}, {"product_id": "P09", "price": 1412}], "date_of_purchase": "2020-11-11 14:03:17.490059"}
