{"customer_id": "C12", "basket": [{"product_id": "P53", "price": 1573}, {"product_id": "P59", "price": 1104}], "date_of_purchase": "2020-10-20 14:02:17.490059"}
{"customer_id": "C14", "basket": [{"product_id": "P58", "price": 1374}, {"product_id": "P48", "price": 1272}], "date_of_purchase": "2020-10-20 06:59:17.490059"}
{"customer_id": "C17", "basket": [{"product_id": "P35", "price": 525}, {"product_id": "P36", "price": 746}, {"product_id": "P35", "price": 317}], "date_of_purchase": "2020-10-20 16:37:17.490059"}
{"customer_id": "C18", "basket": [{"product_id": "P34", "price": 681}, {"product_id": "P29", "price": 1335}], "date_of_purchase": "2020-10-20 14:46:17.490059"}
{"customer_id": "C21", "basket": [{"product_id": "P21", "price": 1851}, {"product_id": "P17", "price": 674}], "date_of_purchase": "2020-10-19 22:06:17.490059"}
{"customer_id": "C23", "basket": [{"product_id": "P12", "price": 868}], "date_of_purchase": "2020-10-20 14:23:17.490059"}
{"customer_id": "C26", "basket": [{"product_id": "P64", "price": 873}, {"product_id": "P63", "price": 1240}, {"product_id": "P61", "price": 466}], "date_of_purchase": "2020-10-20 10:41:17.490059"}
{"customer_id": "C28", "basket": [{"product_id": "P43", "price": 432}], "date_of_purchase": "2020-10-20 11:30:17.490059"}
{"customer_id": "C48", "basket": [{"product_id": "P04", "price": 1418}, {"product_id": "P05", "price": 952}, {"product_id": "P08", "price": 21}], "date_of_purchase": "2020-10-20 07:18:17.490059"}
{"customer_id": "C49", "basket": [{"product_id": "P42", "price": 1621}], "date_of_purchase": "2020-10-20 13:02:17.490059"}
{"customer_id": "C54", "basket": [{"product_id": "P52", "price": 814}, {"product_id": "P46", "price": 405}], "date_of_purchase": "2020-10-20 04:47:17.490059"}
{"customer_id": "C62", "basket": [{"product_id": "P47", "price": 715}], "date_of_purchase": "2020-10-19 19:51:17.490059"}
{"customer_id": "C64", "basket": [{"product_id": "P29", "price": 1812}, {"product_id": "P32", "price": 593}], "date_of_purchase": "2020-10-20 16:07:17.490059"}
{"customer_id": "C70", "basket": [{"product_id": "P29", "price": 1680}, {"product_id": "P31", "price": 885}, {"product_id": "P32", "price": 551}], "date_of_purchase": "2020-10-20 14:32:17.490059"}
{"customer_id": "C77", "basket": [{"product_id": "P06", "price": 885}], "date_of_purchase": "2020-10-20 14:35:17.490059"}
{"customer_id": "C80", "basket": [{"product_id": "P50", "price": 1997}, {"product_id": "P47", "price": 836}, {"product_id": "P56", "price": 1070}], "date_of_purchase": "2020-10-19 21:04:17.490059"}
{"customer_id": "C86", "basket": [{"product_id": "P05", "price": 1075}, {"product_id": "P09", "price": 898}], "date_of_purchase": "2020-10-20 12:56:17.490059"}
{"customer_id": "C92", "basket": [{"product_id": "P27", "price": 321}, {"product_id": "P28", "price": 40}], "date_of_purchase": "2020-10-19 20:54:17.490059"}
{"customer_id": "C96", "basket": [{"product_id": "P09", "price": 1318}, {"product_id": "P12", "price": 454}, {"product_id": "P11", "price": 1427}], "date_of_purchase": "2020-10-19 22:34:17.490059"}
{"customer_id": "C99", "basket": [{"product_id": "P55", "price": 1858}, {"product_id": "P48", "price": 336}], "date_of_purchase": "2020-10-20 11:42:17.490059"}
{"customer_id": "C102", "basket": [{"product_id": "P41", "price": 1506}, {"product_id": "P42", "price": 1518}, {"product_id": "P44", "price": 1369}], "date_of_purchase": "2020-10-20 02:31:17.490059"}
{"customer_id": "C107", "basket": [{"product_id": "P31", "price": 106}, {"product_id": "P34", "price": 1989}, {"product_id": "P33", "price": 1951}], "date_of_purchase": "2020-10-20 06:32:17.490059"}
{"customer_id": "C108", "basket": [{"product_id": "P29", "price": 1700}, {"product_id": "P25", "price": 692}], "date_of_purchase": "2020-10-20 07:26:17.490059"}
{"customer_id": "C110", "basket": [{"product_id": "P64", "price": 369}, {"product_id": "P64", "price": 1284}], "date_of_purchase": "2020-10-20 00:02:17.490059"}
{"customer_id": "C123", "basket": [{"product_id": "P59", "price": 1285}, {"product_id": "P45", "price": 525}, {"product_id": "P48", "price": 760}], "date_of_purchase": "2020-10-20 10:51:17.490059"}
{"customer_id": "C129", "basket": [{"product_id": "P09", "price": 189}, {"product_id": "P11", "price": 308}, {"product_id": "P09", "price": 42}], "date_of_purchase": "2020-10-20 06:59:17.490059"}
{"customer_id": "C133", "basket": [{"product_id": "P22", "price": 828}, {"product_id": "P24", "price": 938}], "date_of_purchase": "2020-10-20 16:09:17.490059"}
