{"customer_id": "C19", "basket": [{"product_id": "P07", "price": 1745}, {"product_id": "P03", "price": 90}], "date_of_purchase": "2020-11-07 00:47:17.490059"}
{"customer_id": "C23", "basket": [{"product_id": "P36", "price": 1420}, {"product_id": "P40", "price": 625}, {"product_id": "P40", "price": 433}], "date_of_purchase": "2020-11-07 01:42:17.490059"}
{"customer_id": "C27", "basket": [{"product_id": "P37", "price": 103}, {"product_id": "P39", "price": 1912}], "date_of_purchase": "2020-11-07 16:05:17.490059"}
{"customer_id": "C32", "basket": [{"product_id": "P40", "price": 243}, {"product_id": "P35", "price": 1632}, {"product_id": "P39", "price": 1452}], "date_of_purchase": "2020-11-07 16:28:17.490059"}
{"customer_id": "C34", "basket": [{"product_id": "P45", "price": 1531}, {"product_id": "P55", "price": 663}, {"product_id": "P46", "price": 497}], "date_of_purchase": "2020-11-07 02:51:17.490059"}
{"customer_id": "C38", "basket": [{"product_id": "P36", "price": 1038}], "date_of_purchase": "2020-11-07 07:58:17.490059"}
{"customer_id": "C49", "basket": [{"product_id": "P57", "price": 560}, {"product_id": "P58", "price": 1094}, {"product_id": "P45", "price": 400}], "date_of_purchase": "2020-11-07 02:07:17.490059"}
{"customer_id": "C55", "basket": [{"product_id": "P60", "price": 1372}], "date_of_purchase": "2020-11-06 22:24:17.490059"}
{"customer_id": "C66", "basket": [{"product_id": "P38", "price": 969}], "date_of_purchase": "2020-11-07 13:22:17.490059"}
{"customer_id": "C76", "basket": [{"product_id": "P36", "price": 1174}, {"product_id": "P37", "price": 602}], "date_of_purchase": "2020-11-07 04:30:17.490059"}
{"customer_id": "C93", "basket": [{"product_id": "P52", "price": 292}], "date_of_purchase": "2020-11-07 05:32:17.490059"}
{"customer_id": "C97", "basket": [{"product_id": "P61", "price": 142}, {"product_id": "P64", "price": 1055}, {"product_id": "P64", "price": 757}], "date_of_purchase": "2020-11-07 07:46:17.490059"}
{"customer_id": "C98", "basket": [{"product_id": "P61", "price": 639}, {"product_id": "P61", "price": 1294}, {"product_id": "P61", "price": 1389}], "date_of_purchase": "2020-11-07 09:16:17.490059"}
{"customer_id": "C99", "basket": [{"product_id": "P32", "price": 1027}, {"product_id": "P25", "price": 591}, {"product_id": "P28", "price": 1183}], "date_of_purchase": "2020-11-07 08:42:17.490059"}
{"customer_id": "C100", "basket": [{"product_id": "P47", "price": 351}, {"product_id": "P50", "price": 556}, {"product_id": "P43", "price": 996}], "date_of_purchase": "2020-11-07 01:40:17.490059"}
{"customer_id": "C105", "basket": [{"product_id": "P38", "price": 1132}, {"product_id": "P38", "price": 1869}], "date_of_purchase": "2020-11-07 11:38:17.490059"}
{"customer_id": "C110", "basket": [{"product_id": "P33", "price": 658}, {"product_id": "P26", "price": 1323}, {"product_id": "P27", "price": 1977}], "date_of_purchase": "2020-11-06 20:28:17.490059"}
{"customer_id": "C111", "basket": [{"product_id": "P62", "price": 1164}, {"product_id": "P62", "price": 1418}, {"product_id": "P64", "price": 1893}], "date_of_purchase": "2020-11-07 02:13:17.490059"}
{"customer_id": "C120", "basket": [{"product_id": "P64", "price": 1456}, {"product_id": "P62", "price": 1864}], "date_of_purchase": "2020-11-07 01:19:17.490059"}
{"customer_id": "C125", "basket": [{"product_id": "P08", "price": 1970}], "date_of_purchase": "2020-11-07 00:00:17.490059"}
{"customer_id": "C127", "basket": [{"product_id": "P03", "price": 524}, {"product_id": "P09", "price": 1345}, {"product_id": "P09", "price": 1060}], "date_of_purchase": "2020-11-07 11:03:17.490059"}
{"customer_id": "C131", "basket": [{"product_id": "P38", "price": 756}], "date_of_purchase": "2020-11-06 21:32:17.490059"}
{"customer_id": "C134", "basket": [{"product_id": "P25", "price": 672}], "date_of_purchase": "2020-11-07 06:52:17.490059"}
