{"customer_id": "C8", "basket": [{"product_id": "P50", "price": 318}, {"product_id": "P45", "price": 1535}, {"product_id": "P49", "price": 1199}], "date_of_purchase": "2020-09-20 12:36:17.490059"}
{"customer_id": "C10", "basket": [{"product_id": "P50", "price": 212}, {"product_id": "P60", "price": 103}], "date_of_purchase": "2020-09-20 16:04:17.490059"}
{"customer_id": "C11", "basket": [{"product_id": "P38", "price": 1165}], "date_of_purchase": "2020-09-19 23:57:17.490059"}
{"customer_id": "C14", "basket": [{"product_id": "P07", "price": 427}], "date_of_purchase": "2020-09-20 12:00:17.490059"}
{"customer_id": "C16", "basket": [{"product_id": "P37", "price": 1951}], "date_of_purchase": "2020-09-20 00:49:17.490059"}
{"customer_id": "C21", "basket": [{"product_id": "P17", "price": 1026}, {"product_id": "P15", "price": 1119}, {"product_id": "P17", "price": 780}], "date_of_purchase": "2020-09-20 03:52:17.490059"}
{"customer_id": "C32", "basket": [{"product_id": "P37", "price": 593}, {"product_id": "P35", "price": 834}], "date_of_purchase": "2020-09-20 10:38:17.490059"}
{"customer_id": "C33", "basket": [{"product_id": "P39", "price": 289}, {"product_id": "P36", "price": 1274}, {"product_id": "P40", "price": 60}], "date_of_purchase": "2020-09-20 09:33:17.490059"}
{"customer_id": "C34", "basket": [{"product_id": "P18", "price": 132}, {"product_id": "P19", "price": 150}], "date_of_purchase": "2020-09-20 09:40:17.490059"}
{"customer_id": "C43", "basket": [{"product_id": "P05", "price": 1385}], "date_of_purchase": "2020-09-19 21:20:17.490059"}
{"customer_id": "C47", "basket": [{"product_id": "P45", "price": 1013}, {"product_id": "P59", "price": 414}], "date_of_purchase": "2020-09-20 01:14:17.490059"}
{"customer_id": "C66", "basket": [{"product_id": "P54", "price": 1177}, {"product_id": "P60", "price": 555}, {"product_id": "P45", "price": 1593}], "date_of_purchase": "2020-09-20 15:44:17.490059"}
{"customer_id": "C101", "basket": [{"product_id": "P62", "price": 1625}, {"product_id": "P62", "price": 1319}, {"product_id": "P63", "price": 434}], "date_of_purchase": "2020-09-20 07:26:17.490059"}
{"customer_id": "C126", "basket": [{"product_id": "P36", "price": 823}, {"product_id": "P36", "price": 1500}, {"product_id": "P37", "price": 705}], "date_of_purchase": "2020-09-20 01:39:17.490059"}
{"customer_id": "C132", "basket": [{"product_id": "P29", "price": 215}, {"product_id": "P30", "price": 29}], "date_of_purchase": "2020-09-20 02:01:17.490059"}
