{"customer_id": "C1", "basket": [{"product_id": "P63", "price": 1155}], "date_of_purchase": "2020-10-25 10:11:17.490059"}
{"customer_id": "C3", "basket": [{"product_id": "P47", "price": 1578}, {"product_id": "P47", "price": 1552}], "date_of_purchase": "2020-10-25 10:14:17.490059"}
{"customer_id": "C8", "basket": [{"product_id": "P52", "price": 1740}, {"product_id": "P44", "price": 631}], "date_of_purchase": "2020-10-25 04:04:17.490059"}
{"customer_id": "C13", "basket": [{"product_id": "P02", "price": 408}, {"product_id": "P10", "price": 1683}, {"product_id": "P04", "price": 881}], "date_of_purchase": "2020-10-25 14:16:17.490059"}
{"customer_id": "C24", "basket": [{"product_id": "P38", "price": 402}, {"product_id": "P35", "price": 1086}, {"product_id": "P38", "price": 1501}], "date_of_purchase": "2020-10-25 06:36:17.490059"}
{"customer_id": "C31", "basket": [{"product_id": "P62", "price": 1845}, {"product_id": "P64", "price": 1414}, {"product_id": "P63", "price": 1160}], "date_of_purchase": "2020-10-25 12:31:17.490059"}
{"customer_id": "C36", "basket": [{"product_id": "P31", "price": 1247}, {"product_id": "P31", "price": 1089}, {"product_id": "P33", "price": 881}], "date_of_purchase": "2020-10-25 10:47:17.490059"}
{"customer_id": "C37", "basket": [{"product_id": "P50", "price": 1237}, {"product_id": "P58", "price": 1638}, {"product_id": "P45", "price": 1733}], "date_of_purchase": "2020-10-25 00:53:17.490059"}
{"customer_id": "C38", "basket": [{"product_id": "P25", "price": 1349}], "date_of_purchase": "2020-10-25 05:14:17.490059"}
{"customer_id": "C41", "basket": [{"product_id": "P11", "price": 1678}, {"product_id": "P04", "price": 1607}], "date_of_purchase": "2020-10-24 21:57:17.490059"}
{"customer_id": "C44", "basket": [{"product_id": "P12", "price": 445}, {"product_id": "P10", "price": 1167}, {"product_id": "P12", "price": 1854}], "date_of_purchase": "2020-10-24 22:49:17.490059"}
{"customer_id": "C45", "basket": [{"product_id": "P33", "price": 940}, {"product_id": "P33", "price": 463}, {"product_id": "P26", "price": 535}], "date_of_purchase": "2020-10-25 11:07:17.490059"}
{"customer_id": "C49", "basket": [{"product_id": "P64", "price": 1017}], "date_of_purchase": "2020-10-25 08:24:17.490059"}
{"customer_id": "C52", "basket": [{"product_id": "P14", "price": 927}, {"product_id": "P17", "price": 721}, {"product_id": "P14", "price": 568}], "date_of_purchase": "2020-10-25 16:04:17.490059"}
{"customer_id": "C55", "basket": [{"product_id": "P24", "price": 128}, {"product_id": "P26", "price": 1317}], "date_of_purchase": "2020-10-25 09:22:17.490059"}
{"customer_id": "C58", "basket": [{"product_id": "P33", "price": 750}], "date_of_purchase": "2020-10-25 00:26:17.490059"}
{"customer_id": "C60", "basket": [{"product_id": "P62", "price": 373}], "date_of_purchase": "2020-10-25 07:50:17.490059"}
{"customer_id": "C61", "basket": [{"product_id": "P63", "price": 564}], "date_of_purchase": "2020-10-24 21:42:17.490059"}
{"customer_id": "C66", "basket": [{"product_id": "P37", "price": 412}], "date_of_purchase": "2020-10-25 11:36:17.490059"}
{"customer_id": "C75", "basket": [{"product_id": "P05", "price": 1234}, {"product_id": "P08", "price": 1559}, {"product_id": "P08", "price": 1105}], "date_of_purchase": "2020-10-25 15:11:17.490059"}
{"customer_id": "C93", "basket": [{"product_id": "P27", "price": 1803}, {"product_id": "P26", "price": 218}, {"product_id": "P25", "price": 254}], "date_of_purchase": "2020-10-25 07:55:17.490059"}
{"customer_id": "C96", "basket": [{"product_id": "P40", "price": 1558}, {"product_id": "P37", "price": 1100}, {"product_id": "P39", "price": 694}], "date_of_purchase": "2020-10-25 01:33:17.490059"}
{"customer_id": "C98", "basket": [{"product_id": "P63", "price": 1888}], "date_of_purchase": "2020-10-25 11:53:17.490059"}
{"customer_id": "C100", "basket": [{"product_id": "P47", "price": 1327}], "date_of_purchase": "2020-10-24 21:53:17.490059"}
{"customer_id": "C104", "basket": [{"product_id": "P34", "price": 1874}], "date_of_purchase": "2020-10-24 23:51:17.490059"}
{"customer_id": "C113", "basket": [{"product_id": "P64", "price": 1006}, {"product_id": "P63", "price": 1509}], "date_of_purchase": "2020-10-24 20:11:17.490059"}
{"customer_id": "C114", "basket": [{"product_id": "P36", "price": 1527}, {"product_id": "P38", "price": 1437}], "date_of_purchase": "2020-10-25 01:36:17.490059"}
{"customer_id": "C118", "basket": [{"product_id": "P38", "price": 1371}], "date_of_purchase": "2020-10-25 07:55:17.490059"}
{"customer_id": "C120", "basket": [{"product_id": "P55", "price": 1100}, {"product_id": "P57", "price": 1208}], "date_of_purchase": "2020-10-25 03:12:17.490059"}
{"customer_id": "C123", "basket": [{"product_id": "P59", "price": 1429}, {"product_id": "P44", "price": 616}, {"product_id": "P46", "price": 752}], "date_of_purchase": "2020-10-25 00:10:17.490059"}
{"customer_id": "C125", "basket": [{"product_id": "P53", "price": 1109}], "date_of_purchase": "2020-10-25 05:01:17.490059"}
{"customer_id": "C127", "basket": [{"product_id": "P37", "price": 657}, {"product_id": "P35", "price": 356}], "date_of_purchase": "2020-10-24 20:20:17.490059"}
{"customer_id": "C137", "basket": [{"product_id": "P40", "price": 1586}, {"product_id": "P36", "price": 1658}, {"product_id": "P39", "price": 1877}], "date_of_purchase": "2020-10-25 16:27:17.490059"}
