{"customer_id": "C3", "basket": [{"product_id": "P40", "price": 644}, {"product_id": "P35", "price": 1106}], "date_of_purchase": "2020-09-14 09:49:17.490059"}
{"customer_id": "C16", "basket": [{"product_id": "P47", "price": 1951}, {"product_id": "P56", "price": 304}, {"product_id": "P49", "price": 1180}], "date_of_purchase": "2020-09-14 11:22:17.490059"}
{"customer_id": "C17", "basket": [{"product_id": "P39", "price": 373}, {"product_id": "P35", "price": 555}, {"product_id": "P39", "price": 1213}], "date_of_purchase": "2020-09-14 08:22:17.490059"}
{"customer_id": "C19", "basket": [{"product_id": "P07", "price": 186}, {"product_id": "P10", "price": 1605}], "date_of_purchase": "2020-09-14 07:35:17.490059"}
{"customer_id": "C28", "basket": [{"product_id": "P59", "price": 169}, {"product_id": "P54", "price": 906}], "date_of_purchase": "2020-09-13 21:10:17.490059"}
{"customer_id": "C29", "basket": [{"product_id": "P28", "price": 1616}], "date_of_purchase": "2020-09-14 09:20:17.490059"}
{"customer_id": "C35", "basket": [{"product_id": "P17", "price": 453}], "date_of_purchase": "2020-09-14 16:04:17.490059"}
{"customer_id": "C49", "basket": [{"product_id": "P61", "price": 315}, {"product_id": "P62", "price": 1967}, {"product_id": "P63", "price": 793}], "date_of_purchase": "2020-09-14 13:23:17.490059"}
{"customer_id": "C51", "basket": [{"product_id": "P19", "price": 762}, {"product_id": "P18", "price": 833}], "date_of_purchase": "2020-09-14 06:06:17.490059"}
{"customer_id": "C54", "basket": [{"product_id": "P47", "price": 234}, {"product_id": "P41", "price": 1135}, {"product_id": "P59", "price": 1302}], "date_of_purchase": "2020-09-13 19:53:17.490059"}
{"customer_id": "C55", "basket": [{"product_id": "P04", "price": 11}, {"product_id": "P08", "price": 1503}, {"product_id": "P01", "price": 793}], "date_of_purchase": "2020-09-13 23:53:17.490059"}
{"customer_id": "C58", "basket": [{"product_id": "P34", "price": 809}], "date_of_purchase": "2020-09-14 11:40:17.490059"}
{"customer_id": "C59", "basket": [{"product_id": "P09", "price": 1276}], "date_of_purchase": "2020-09-14 03:21:17.490059"}
{"customer_id": "C76", "basket": [{"product_id": "P35", "price": 1459}, {"product_id": "P38", "price": 922}], "date_of_purchase": "2020-09-14 03:15:17.490059"}
{"customer_id": "C78", "basket": [{"product_id": "P42", "price": 1803}], "date_of_purchase": "2020-09-13 22:56:17.490059"}
{"customer_id": "C85", "basket": [{"product_id": "P22", "price": 1799}], "date_of_purchase": "2020-09-13 23:36:17.490059"}
{"customer_id": "C92", "basket": [{"product_id": "P63", "price": 455}, {"product_id": "P63", "price": 1459}, {"product_id": "P61", "price": 1042}], "date_of_purchase": "2020-09-13 21:49:17.490059"}
{"customer_id": "C95", "basket": [{"product_id": "P38", "price": 1303}, {"product_id": "P36", "price": 1751}, {"product_id": "P38", "price": 1670}], "date_of_purchase": "2020-09-14 12:19:17.490059"}
{"customer_id": "C104", "basket": [{"product_id": "P32", "price": 155}, {"product_id": "P23", "price": 441}], "date_of_purchase": "2020-09-14 12:21:17.490059"}
{"customer_id": "C105", "basket": [{"product_id": "P52", "price": 1771}, {"product_id": "P50", "price": 1390}], "date_of_purchase": "2020-09-14 04:52:17.490059"}
{"customer_id": "C110", "basket": [{"product_id": "P34", "price": 1889}], "date_of_purchase": "2020-09-14 00:41:17.490059"}
{"customer_id": "C112", "basket": [{"product_id": "P51", "price": 1775}], "date_of_purchase": "2020-09-14 01:45:17.490059"}
{"customer_id": "C126", "basket": [{"product_id": "P40", "price": 1434}], "date_of_purchase": "2020-09-13 21:20:17.490059"}
{"customer_id": "C127", "basket": [{"product_id": "P37", "price": 1024}], "date_of_purchase": "2020-09-13 22:48:17.490059"}
{"customer_id": "C132", "basket": [{"product_id": "P30", "price": 866}], "date_of_purchase": "2020-09-14 11:38:17.490059"}
