{"customer_id": "C3", "basket": [{"product_id": "P40", "price": 958}, {"product_id": "P39", "price": 1305}], "date_of_purchase": "2020-09-17 21:55:17.490059"}
{"customer_id": "C19", "basket": [{"product_id": "P39", "price": 1490}, {"product_id": "P38", "price": 778}], "date_of_purchase": "2020-09-18 12:37:17.490059"}
{"customer_id": "C24", "basket": [{"product_id": "P39", "price": 621}], "date_of_purchase": "2020-09-18 00:01:17.490059"}
{"customer_id": "C26", "basket": [{"product_id": "P63", "price": 1867}], "date_of_purchase": "2020-09-18 00:13:17.490059"}
{"customer_id": "C28", "basket": [{"product_id": "P41", "price": 1941}, {"product_id": "P46", "price": 1025}], "date_of_purchase": "2020-09-18 16:25:17.490059"}
{"customer_id": "C30", "basket": [{"product_id": "P50", "price": 1140}, {"product_id": "P45", "price": 1673}], "date_of_purchase": "2020-09-18 05:36:17.490059"}
{"customer_id": "C32", "basket": [{"product_id": "P36", "price": 425}], "date_of_purchase": "2020-09-18 13:24:17.490059"}
{"customer_id": "C38", "basket": [{"product_id": "P37", "price": 1414}], "date_of_purchase": "2020-09-17 21:30:17.490059"}
{"customer_id": "C39", "basket": [{"product_id": "P20", "price": 1168}, {"product_id": "P16", "price": 651}, {"product_id": "P20", "price": 946}], "date_of_purchase": "2020-09-17 19:49:17.490059"}
{"customer_id": "C48", "basket": [{"product_id": "P32", "price": 1069}, {"product_id": "P29", "price": 48}], "date_of_purchase": "2020-09-17 22:01:17.490059"}
{"customer_id": "C58", "basket": [{"product_id": "P31", "price": 1247}, {"product_id": "P33", "price": 1981}], "date_of_purchase": "2020-09-18 03:13:17.490059"}
{"customer_id": "C77", "basket": [{"product_id": "P33", "price": 847}], "date_of_purchase": "2020-09-18 16:15:17.490059"}
{"customer_id": "C86", "basket": [{"product_id": "P09", "price": 784}, {"product_id": "P12", "price": 1356}], "date_of_purchase": "2020-09-17 22:09:17.490059"}
{"customer_id": "C88", "basket": [{"product_id": "P40", "price": 851}], "date_of_purchase": "2020-09-18 01:56:17.490059"}
{"customer_id": "C97", "basket": [{"product_id": "P63", "price": 607}], "date_of_purchase": "2020-09-18 08:18:17.490059"}
{"customer_id": "C108", "basket": [{"product_id": "P62", "price": 1465}, {"product_id": "P62", "price": 1687}], "date_of_purchase": "2020-09-18 07:41:17.490059"}
{"customer_id": "C110", "basket": [{"product_id": "P51", "price": 1543}, {"product_id": "P47", "price": 113}], "date_of_purchase": "2020-09-18 07:37:17.490059"}
{"customer_id": "C111", "basket": [{"product_id": "P37", "price": 1882}, {"product_id": "P35", "price": 85}, {"product_id": "P36", "price": 80}], "date_of_purchase": "2020-09-18 09:34:17.490059"}
{"customer_id": "C119", "basket": [{"product_id": "P54", "price": 1954}, {"product_id": "P59", "price": 1322}], "date_of_purchase": "2020-09-18 10:28:17.490059"}
{"customer_id": "C126", "basket": [{"product_id": "P39", "price": 1572}, {"product_id": "P37", "price": 190}, {"product_id": "P40", "price": 878}], "date_of_purchase": "2020-09-18 15:12:17.490059"}
{"customer_id": "C127", "basket": [{"product_id": "P22", "price": 806}, {"product_id": "P26", "price": 113}], "date_of_purchase": "2020-09-18 06:39:17.490059"}
{"customer_id": "C133", "basket": [{"product_id": "P37", "price": 1161}, {"product_id": "P40", "price": 469}, {"product_id": "P35", "price": 1359}], "date_of_purchase": "2020-09-18 13:45:17.490059"}
{"customer_id": "C137", "basket": [{"product_id": "P15", "price": 739}, {"product_id": "P20", "price": 1177}, {"product_id": "P15", "price": 31}], "date_of_purchase": "2020-09-18 08:12:17.490059"}
