{"customer_id": "C1", "basket": [{"product_id": "P10", "price": 746}, {"product_id": "P07", "price": 1181}], "date_of_purchase": "2020-09-11 02:59:17.490059"}
{"customer_id": "C3", "basket": [{"product_id": "P53", "price": 1098}], "date_of_purchase": "2020-09-10 19:45:17.490059"}
{"customer_id": "C8", "basket": [{"product_id": "P60", "price": 514}], "date_of_purchase": "2020-09-11 09:40:17.490059"}
{"customer_id": "C9", "basket": [{"product_id": "P08", "price": 1377}], "date_of_purchase": "2020-09-10 22:13:17.490059"}
{"customer_id": "C11", "basket": [{"product_id": "P37", "price": 366}], "date_of_purchase": "2020-09-10 19:50:17.490059"}
{"customer_id": "C16", "basket": [{"product_id": "P56", "price": 360}, {"product_id": "P59", "price": 1234}], "date_of_purchase": "2020-09-11 01:54:17.490059"}
{"customer_id": "C20", "basket": [{"product_id": "P62", "price": 9}, {"product_id": "P64", "price": 985}, {"product_id": "P64", "price": 1457}], "date_of_purchase": "2020-09-10 21:27:17.490059"}
{"customer_id": "C28", "basket": [{"product_id": "P33", "price": 1192}], "date_of_purchase": "2020-09-11 01:52:17.490059"}
{"customer_id": "C33", "basket": [{"product_id": "P36", "price": 1575}, {"product_id": "P36", "price": 1063}, {"product_id": "P37", "price": 1050}], "date_of_purchase": "2020-09-11 01:31:17.490059"}
{"customer_id": "C38", "basket": [{"product_id": "P62", "price": 1256}, {"product_id": "P64", "price": 1969}], "date_of_purchase": "2020-09-10 20:57:17.490059"}
{"customer_id": "C43", "basket": [{"product_id": "P11", "price": 51}, {"product_id": "P06", "price": 962}], "date_of_purchase": "2020-09-11 13:49:17.490059"}
{"customer_id": "C45", "basket": [{"product_id": "P52", "price": 1539}, {"product_id": "P54", "price": 571}, {"product_id": "P48", "price": 649}], "date_of_purchase": "2020-09-11 11:19:17.490059"}
{"customer_id": "C49", "basket": [{"product_id": "P62", "price": 1492}, {"product_id": "P61", "price": 633}], "date_of_purchase": "2020-09-11 06:47:17.490059"}
{"customer_id": "C55", "basket": [{"product_id": "P48", "price": 1077}, {"product_id": "P42", "price": 401}], "date_of_purchase": "2020-09-11 00:11:17.490059"}
{"customer_id": "C60", "basket": [{"product_id": "P64", "price": 1422}, {"product_id": "P63", "price": 1667}, {"product_id": "P63", "price": 138}], "date_of_purchase": "2020-09-10 21:22:17.490059"}
{"customer_id": "C62", "basket": [{"product_id": "P54", "price": 1431}], "date_of_purchase": "2020-09-11 14:22:17.490059"}
{"customer_id": "C64", "basket": [{"product_id": "P27", "price": 1115}, {"product_id": "P28", "price": 734}], "date_of_purchase": "2020-09-11 07:08:17.490059"}
{"customer_id": "C67", "basket": [{"product_id": "P58", "price": 543}, {"product_id": "P47", "price": 639}, {"product_id": "P50", "price": 1502}], "date_of_purchase": "2020-09-10 22:36:17.490059"}
{"customer_id": "C80", "basket": [{"product_id": "P42", "price": 311}, {"product_id": "P57", "price": 828}], "date_of_purchase": "2020-09-11 14:55:17.490059"}
{"customer_id": "C83", "basket": [{"product_id": "P05", "price": 1183}, {"product_id": "P08", "price": 1105}, {"product_id": "P01", "price": 81}], "date_of_purchase": "2020-09-11 15:43:17.490059"}
{"customer_id": "C84", "basket": [{"product_id": "P11", "price": 1568}, {"product_id": "P08", "price": 689}], "date_of_purchase": "2020-09-11 02:10:17.490059"}
{"customer_id": "C93", "basket": [{"product_id": "P05", "price": 1844}], "date_of_purchase": "2020-09-11 05:06:17.490059"}
{"customer_id": "C107", "basket": [{"product_id": "P48", "price": 106}, {"product_id": "P59", "price": 1607}], "date_of_purchase": "2020-09-11 14:47:17.490059"}
{"customer_id": "C108", "basket": [{"product_id": "P37", "price": 1357}, {"product_id": "P38", "price": 1800}], "date_of_purchase": "2020-09-11 04:47:17.490059"}
{"customer_id": "C111", "basket": [{"product_id": "P37", "price": 331}], "date_of_purchase": "2020-09-11 07:05:17.490059"}
{"customer_id": "C115", "basket": [{"product_id": "P64", "price": 1248}, {"product_id": "P64", "price": 816}], "date_of_purchase": "2020-09-11 10:39:17.490059"}
{"customer_id": "C118", "basket": [{"product_id": "P37", "price": 1216}, {"product_id": "P38", "price": 435}, {"product_id": "P38", "price": 701}], "date_of_purchase": "2020-09-11 04:07:17.490059"}
{"customer_id": "C119", "basket": [{"product_id": "P12", "price": 1107}, {"product_id": "P07", "price": 530}, {"product_id": "P03", "price": 345}], "date_of_purchase": "2020-09-11 13:46:17.490059"}
