{"customer_id": "C10", "basket": [{"product_id": "P41", "price": 911}, {"product_id": "P45", "price": 596}, {"product_id": "P46", "price": 50}], "date_of_purchase": "2020-09-19 00:22:17.490059"}
{"customer_id": "C11", "basket": [{"product_id": "P51", "price": 1889}], "date_of_purchase": "2020-09-19 14:22:17.490059"}
{"customer_id": "C15", "basket": [{"product_id": "P35", "price": 1441}, {"product_id": "P37", "price": 730}], "date_of_purchase": "2020-09-19 10:28:17.490059"}
{"customer_id": "C17", "basket": [{"product_id": "P40", "price": 1040}, {"product_id": "P37", "price": 926}], "date_of_purchase": "2020-09-19 14:40:17.490059"}
{"customer_id": "C22", "basket": [{"product_id": "P54", "price": 219}, {"product_id": "P52", "price": 36}], "date_of_purchase": "2020-09-18 23:29:17.490059"}
{"customer_id": "C24", "basket": [{"product_id": "P35", "price": 24}, {"product_id": "P39", "price": 1879}, {"product_id": "P39", "price": 1462}], "date_of_purchase": "2020-09-18 22:27:17.490059"}
{"customer_id": "C28", "basket": [{"product_id": "P25", "price": 479}, {"product_id": "P27", "price": 1968}, {"product_id": "P22", "price": 793}], "date_of_purchase": "2020-09-18 21:22:17.490059"}
{"customer_id": "C33", "basket": [{"product_id": "P35", "price": 1094}], "date_of_purchase": "2020-09-19 13:13:17.490059"}
{"customer_id": "C34", "basket": [{"product_id": "P45", "price": 250}, {"product_id": "P44", "price": 395}], "date_of_purchase": "2020-09-19 10:34:17.490059"}
{"customer_id": "C48", "basket": [{"product_id": "P09", "price": 1496}, {"product_id": "P12", "price": 1756}], "date_of_purchase": "2020-09-19 08:57:17.490059"}
{"customer_id": "C52", "basket": [{"product_id": "P57", "price": 963}, {"product_id": "P56", "price": 1909}], "date_of_purchase": "2020-09-19 02:54:17.490059"}
{"customer_id": "C76", "basket": [{"product_id": "P39", "price": 772}], "date_of_purchase": "2020-09-19 07:19:17.490059"}
{"customer_id": "C77", "basket": [{"product_id": "P05", "price": 472}, {"product_id": "P09", "price": 1162}, {"product_id": "P07", "price": 941}], "date_of_purchase": "2020-09-19 07:43:17.490059"}
{"customer_id": "C89", "basket": [{"product_id": "P36", "price": 195}], "date_of_purchase": "2020-09-19 11:11:17.490059"}
{"customer_id": "C91", "basket": [{"product_id": "P22", "price": 709}, {"product_id": "P31", "price": 1344}], "date_of_purchase": "2020-09-19 16:24:17.490059"}
{"customer_id": "C93", "basket": [{"product_id": "P32", "price": 703}, {"product_id": "P28", "price": 400}], "date_of_purchase": "2020-09-19 02:00:17.490059"}
{"customer_id": "C109", "basket": [{"product_id": "P49", "price": 755}], "date_of_purchase": "2020-09-19 01:18:17.490059"}
