{"customer_id": "C19", "basket": [{"product_id": "P40", "price": 978}, {"product_id": "P40", "price": 1816}], "date_of_purchase": "2020-08-19 15:20:17.490059"}
{"customer_id": "C21", "basket": [{"product_id": "P24", "price": 7}, {"product_id": "P32", "price": 1289}, {"product_id": "P26", "price": 781}], "date_of_purchase": "2020-08-19 07:37:17.490059"}
{"customer_id": "C26", "basket": [{"product_id": "P64", "price": 1365}, {"product_id": "P63", "price": 512}], "date_of_purchase": "2020-08-19 06:27:17.490059"}
{"customer_id": "C28", "basket": [{"product_id": "P57", "price": 656}, {"product_id": "P43", "price": 978}, {"product_id": "P55", "price": 541}], "date_of_purchase": "2020-08-19 14:16:17.490059"}
{"customer_id": "C32", "basket": [{"product_id": "P27", "price": 911}, {"product_id": "P24", "price": 149}, {"product_id": "P23", "price": 700}], "date_of_purchase": "2020-08-19 09:42:17.490059"}
{"customer_id": "C35", "basket": [{"product_id": "P20", "price": 758}, {"product_id": "P15", "price": 1815}], "date_of_purchase": "2020-08-19 04:31:17.490059"}
{"customer_id": "C36", "basket": [{"product_id": "P31", "price": 284}, {"product_id": "P24", "price": 996}, {"product_id": "P25", "price": 1500}], "date_of_purchase": "2020-08-18 22:25:17.490059"}
{"customer_id": "C39", "basket": [{"product_id": "P32", "price": 1346}, {"product_id": "P30", "price": 435}, {"product_id": "P26", "price": 1435}], "date_of_purchase": "2020-08-19 00:19:17.490059"}
{"customer_id": "C41", "basket": [{"product_id": "P54", "price": 1389}, {"product_id": "P42", "price": 971}, {"product_id": "P54", "price": 53}], "date_of_purchase": "2020-08-19 03:43:17.490059"}
{"customer_id": "C44", "basket": [{"product_id": "P34", "price": 899}, {"product_id": "P32", "price": 1993}], "date_of_purchase": "2020-08-19 16:20:17.490059"}
{"customer_id": "C52", "basket": [{"product_id": "P58", "price": 573}], "date_of_purchase": "2020-08-19 02:44:17.490059"}
{"customer_id": "C62", "basket": [{"product_id": "P59", "price": 538}, {"product_id": "P48", "price": 17}, {"product_id": "P55", "price": 1152}], "date_of_purchase": "2020-08-18 21:56:17.490059"}
{"customer_id": "C65", "basket": [{"product_id": "P47", "price": 462}], "date_of_purchase": "2020-08-19 11:20:17.490059"}
{"customer_id": "C68", "basket": [{"product_id": "P64", "price": 1965}, {"product_id": "P62", "price": 1235}, {"product_id": "P63", "price": 654}], "date_of_purchase": "2020-08-19 09:04:17.490059"}
{"customer_id": "C72", "basket": [{"product_id": "P04", "price": 1257}, {"product_id": "P09", "price": 1034}, {"product_id": "P09", "price": 434}], "date_of_purchase": "2020-08-19 02:48:17.490059"}
{"customer_id": "C76", "basket": [{"product_id": "P38", "price": 211}, {"product_id": "P38", "price": 1727}], "date_of_purchase": "2020-08-19 02:39:17.490059"}
{"customer_id": "C77", "basket": [{"product_id": "P40", "price": 468}, {"product_id": "P37", "price": 1768}], "date_of_purchase": "2020-08-19 15:57:17.490059"}
{"customer_id": "C90", "basket": [{"product_id": "P35", "price": 500}, {"product_id": "P37", "price": 1605}], "date_of_purchase": "2020-08-19 06:25:17.490059"}
{"customer_id": "C96", "basket": [{"product_id": "P07", "price": 6}], "date_of_purchase": "2020-08-19 16:42:17.490059"}
{"customer_id": "C101", "basket": [{"product_id": "P61", "price": 1199}], "date_of_purchase": "2020-08-19 15:40:17.490059"}
{"customer_id": "C105", "basket": [{"product_id": "P49", "price": 1815}, {"product_id": "P58", "price": 309}, {"product_id": "P52", "price": 20}], "date_of_purchase": "2020-08-19 03:25:17.490059"}
{"customer_id": "C107", "basket": [{"product_id": "P45", "price": 894}], "date_of_purchase": "2020-08-19 13:34:17.490059"}
{"customer_id": "C123", "basket": [{"product_id": "P50", "price": 1437}, {"product_id": "P46", "price": 1806}], "date_of_purchase": "2020-08-19 09:57:17.490059"}
{"customer_id": "C125", "basket": [{"product_id": "P11", "price": 1071}, {"product_id": "P08", "price": 1287}], "date_of_purchase": "2020-08-19 04:15:17.490059"}
{"customer_id": "C132", "basket": [{"product_id": "P38", "price": 1542}, {"product_id": "P35", "price": 1537}], "date_of_purchase": "2020-08-19 07:37:17.490059"}
{"customer_id": "C133", "basket": [{"product_id": "P28", "price": 1534}], "date_of_purchase": "2020-08-19 15:24:17.490059"}
{"customer_id": "C136", "basket": [{"product_id": "P62", "price": 547}, {"product_id": "P62", "price": 1231}], "date_of_purchase": "2020-08-18 22:37:17.490059"}
