{"customer_id": "C8", "basket": [{"product_id": "P46", "price": 325}, {"product_id": "P44", "price": 1212}], "date_of_purchase": "2020-11-07 20:02:17.490059"}
{"customer_id": "C11", "basket": [{"product_id": "P39", "price": 1236}, {"product_id": "P40", "price": 1638}], "date_of_purchase": "2020-11-08 08:42:17.490059"}
{"customer_id": "C23", "basket": [{"product_id": "P61", "price": 740}, {"product_id": "P61", "price": 1295}], "date_of_purchase": "2020-11-07 22:51:17.490059"}
{"customer_id": "C26", "basket": [{"product_id": "P63", "price": 380}, {"product_id": "P62", "price": 1997}, {"product_id": "P62", "price": 526}], "date_of_purchase": "2020-11-08 14:09:17.490059"}
{"customer_id": "C41", "basket": [{"product_id": "P54", "price": 626}], "date_of_purchase": "2020-11-08 10:57:17.490059"}
{"customer_id": "C46", "basket": [{"product_id": "P01", "price": 798}], "date_of_purchase": "2020-11-08 01:50:17.490059"}
{"customer_id": "C52", "basket": [{"product_id": "P32", "price": 508}, {"product_id": "P30", "price": 1129}], "date_of_purchase": "2020-11-08 01:14:17.490059"}
{"customer_id": "C65", "basket": [{"product_id": "P02", "price": 671}, {"product_id": "P06", "price": 1068}], "date_of_purchase": "2020-11-08 05:18:17.490059"}
{"customer_id": "C66", "basket": [{"product_id": "P09", "price": 506}], "date_of_purchase": "2020-11-08 09:38:17.490059"}
{"customer_id": "C67", "basket": [{"product_id": "P63", "price": 88}, {"product_id": "P61", "price": 797}], "date_of_purchase": "2020-11-08 01:58:17.490059"}
{"customer_id": "C70", "basket": [{"product_id": "P23", "price": 1163}, {"product_id": "P27", "price": 1363}], "date_of_purchase": "2020-11-08 10:20:17.490059"}
{"customer_id": "C71", "basket": [{"product_id": "P20", "price": 336}, {"product_id": "P18", "price": 1594}], "date_of_purchase": "2020-11-08 04:58:17.490059"}
{"customer_id": "C80", "basket": [{"product_id": "P53", "price": 1635}, {"product_id": "P58", "price": 280}], "date_of_purchase": "2020-11-07 20:03:17.490059"}
{"customer_id": "C86", "basket": [{"product_id": "P04", "price": 528}, {"product_id": "P12", "price": 1206}, {"product_id": "P09", "price": 1811}], "date_of_purchase": "2020-11-08 12:17:17.490059"}
{"customer_id": "C89", "basket": [{"product_id": "P36", "price": 1859}, {"product_id": "P36", "price": 1371}, {"product_id": "P37", "price": 408}], "date_of_purchase": "2020-11-08 05:14:17.490059"}
{"customer_id": "C93", "basket": [{"product_id": "P40", "price": 1939}], "date_of_purchase": "2020-11-08 01:09:17.490059"}
{"customer_id": "C99", "basket": [{"product_id": "P42", "price": 967}], "date_of_purchase": "2020-11-08 12:34:17.490059"}
{"customer_id": "C108", "basket": [{"product_id": "P63", "price": 1084}, {"product_id": "P64", "price": 455}, {"product_id": "P62", "price": 1424}], "date_of_purchase": "2020-11-08 04:52:17.490059"}
{"customer_id": "C110", "basket": [{"product_id": "P62", "price": 1643}, {"product_id": "P63", "price": 202}], "date_of_purchase": "2020-11-08 07:50:17.490059"}
{"customer_id": "C120", "basket": [{"product_id": "P51", "price": 502}, {"product_id": "P41", "price": 1552}], "date_of_purchase": "2020-11-08 15:01:17.490059"}
{"customer_id": "C125", "basket": [{"product_id": "P11", "price": 750}, {"product_id": "P12", "price": 1023}, {"product_id": "P08", "price": 1779}], "date_of_purchase": "2020-11-08 15:40:17.490059"}
{"customer_id": "C133", "basket": [{"product_id": "P32", "price": 1818}], "date_of_purchase": "2020-11-08 07:00:17.490059"}
