{"customer_id": "C1", "basket": [{"product_id": "P03", "price": 1224}, {"product_id": "P09", "price": 1032}, {"product_id": "P12", "price": 1986}], "date_of_purchase": "2020-09-27 00:08:17.490059"}
{"customer_id": "C3", "basket": [{"product_id": "P36", "price": 1953}], "date_of_purchase": "2020-09-26 19:59:17.490059"}
{"customer_id": "C6", "basket": [{"product_id": "P39", "price": 312}], "date_of_purchase": "2020-09-27 00:49:17.490059"}
{"customer_id": "C23", "basket": [{"product_id": "P32", "price": 1130}, {"product_id": "P30", "price": 1066}], "date_of_purchase": "2020-09-27 11:11:17.490059"}
{"customer_id": "C26", "basket": [{"product_id": "P64", "price": 1882}, {"product_id": "P61", "price": 1624}, {"product_id": "P63", "price": 1370}], "date_of_purchase": "2020-09-27 01:00:17.490059"}
{"customer_id": "C31", "basket": [{"product_id": "P61", "price": 1348}, {"product_id": "P64", "price": 757}, {"product_id": "P64", "price": 1455}], "date_of_purchase": "2020-09-26 20:24:17.490059"}
{"customer_id": "C37", "basket": [{"product_id": "P51", "price": 723}, {"product_id": "P51", "price": 1013}], "date_of_purchase": "2020-09-27 09:45:17.490059"}
{"customer_id": "C41", "basket": [{"product_id": "P43", "price": 1865}, {"product_id": "P59", "price": 924}], "date_of_purchase": "2020-09-26 21:25:17.490059"}
{"customer_id": "C45", "basket": [{"product_id": "P62", "price": 878}, {"product_id": "P64", "price": 331}], "date_of_purchase": "2020-09-27 05:17:17.490059"}
{"customer_id": "C59", "basket": [{"product_id": "P42", "price": 777}, {"product_id": "P48", "price": 1063}, {"product_id": "P43", "price": 699}], "date_of_purchase": "2020-09-27 07:50:17.490059"}
{"customer_id": "C60", "basket": [{"product_id": "P63", "price": 997}, {"product_id": "P62", "price": 995}], "date_of_purchase": "2020-09-27 16:45:17.490059"}
{"customer_id": "C92", "basket": [{"product_id": "P25", "price": 325}, {"product_id": "P26", "price": 1049}], "date_of_purchase": "2020-09-27 05:13:17.490059"}
{"customer_id": "C99", "basket": [{"product_id": "P51", "price": 1312}, {"product_id": "P42", "price": 625}], "date_of_purchase": "2020-09-27 00:49:17.490059"}
{"customer_id": "C106", "basket": [{"product_id": "P60", "price": 455}], "date_of_purchase": "2020-09-27 16:01:17.490059"}
{"customer_id": "C111", "basket": [{"product_id": "P37", "price": 1066}], "date_of_purchase": "2020-09-27 07:12:17.490059"}
{"customer_id": "C127", "basket": [{"product_id": "P33", "price": 1332}], "date_of_purchase": "2020-09-27 08:17:17.490059"}
{"customer_id": "C134", "basket": [{"product_id": "P15", "price": 1247}, {"product_id": "P14", "price": 816}, {"product_id": "P18", "price": 319}], "date_of_purchase": "2020-09-26 23:57:17.490059"}
{"customer_id": "C135", "basket": [{"product_id": "P40", "price": 1184}], "date_of_purchase": "2020-09-26 23:39:17.490059"}
{"customer_id": "C136", "basket": [{"product_id": "P63", "price": 230}], "date_of_purchase": "2020-09-27 08:11:17.490059"}
