{"customer_id": "C1", "basket": [{"product_id": "P12", "price": 1430}, {"product_id": "P07", "price": 1060}], "date_of_purchase": "2020-10-22 05:07:17.490059"}
{"customer_id": "C11", "basket": [{"product_id": "P48", "price": 940}, {"product_id": "P44", "price": 1614}], "date_of_purchase": "2020-10-22 11:24:17.490059"}
{"customer_id": "C12", "basket": [{"product_id": "P42", "price": 1103}, {"product_id": "P42", "price": 1129}], "date_of_purchase": "2020-10-22 15:00:17.490059"}
{"customer_id": "C21", "basket": [{"product_id": "P31", "price": 1737}], "date_of_purchase": "2020-10-22 11:51:17.490059"}
{"customer_id": "C24", "basket": [{"product_id": "P37", "price": 301}, {"product_id": "P35", "price": 1780}], "date_of_purchase": "2020-10-22 13:41:17.490059"}
{"customer_id": "C26", "basket": [{"product_id": "P61", "price": 558}, {"product_id": "P64", "price": 1337}, {"product_id": "P63", "price": 1241}], "date_of_purchase": "2020-10-22 04:31:17.490059"}
{"customer_id": "C27", "basket": [{"product_id": "P21", "price": 1334}, {"product_id": "P21", "price": 194}, {"product_id": "P16", "price": 839}], "date_of_purchase": "2020-10-22 12:07:17.490059"}
{"customer_id": "C33", "basket": [{"product_id": "P36", "price": 255}, {"product_id": "P38", "price": 1593}, {"product_id": "P39", "price": 1147}], "date_of_purchase": "2020-10-22 12:26:17.490059"}
{"customer_id": "C44", "basket": [{"product_id": "P60", "price": 1383}, {"product_id": "P50", "price": 567}], "date_of_purchase": "2020-10-22 04:33:17.490059"}
{"customer_id": "C49", "basket": [{"product_id": "P52", "price": 189}, {"product_id": "P56", "price": 741}], "date_of_purchase": "2020-10-22 03:51:17.490059"}
{"customer_id": "C52", "basket": [{"product_id": "P37", "price": 1101}], "date_of_purchase": "2020-10-22 14:09:17.490059"}
{"customer_id": "C72", "basket": [{"product_id": "P22", "price": 298}], "date_of_purchase": "2020-10-22 00:40:17.490059"}
{"customer_id": "C90", "basket": [{"product_id": "P24", "price": 1194}, {"product_id": "P34", "price": 523}, {"product_id": "P27", "price": 382}], "date_of_purchase": "2020-10-22 01:06:17.490059"}
{"customer_id": "C98", "basket": [{"product_id": "P61", "price": 1096}, {"product_id": "P61", "price": 1397}], "date_of_purchase": "2020-10-22 14:28:17.490059"}
{"customer_id": "C101", "basket": [{"product_id": "P63", "price": 1735}, {"product_id": "P61", "price": 1992}, {"product_id": "P64", "price": 901}], "date_of_purchase": "2020-10-21 21:48:17.490059"}
{"customer_id": "C105", "basket": [{"product_id": "P64", "price": 1497}, {"product_id": "P62", "price": 904}], "date_of_purchase": "2020-10-22 13:01:17.490059"}
{"customer_id": "C108", "basket": [{"product_id": "P27", "price": 953}, {"product_id": "P25", "price": 617}], "date_of_purchase": "2020-10-22 08:13:17.490059"}
{"customer_id": "C110", "basket": [{"product_id": "P50", "price": 1911}, {"product_id": "P56", "price": 1725}, {"product_id": "P58", "price": 1388}], "date_of_purchase": "2020-10-22 12:18:17.490059"}
{"customer_id": "C112", "basket": [{"product_id": "P51", "price": 1015}], "date_of_purchase": "2020-10-22 09:17:17.490059"}
{"customer_id": "C117", "basket": [{"product_id": "P29", "price": 1816}, {"product_id": "P30", "price": 350}, {"product_id": "P29", "price": 1024}], "date_of_purchase": "2020-10-22 12:09:17.490059"}
{"customer_id": "C122", "basket": [{"product_id": "P37", "price": 1144}, {"product_id": "P39", "price": 354}, {"product_id": "P35", "price": 991}], "date_of_purchase": "2020-10-22 04:02:17.490059"}
{"customer_id": "C128", "basket": [{"product_id": "P15", "price": 55}], "date_of_purchase": "2020-10-22 00:28:17.490059"}
{"customer_id": "C129", "basket": [{"product_id": "P11", "price": 141}, {"product_id": "P06", "price": 410}], "date_of_purchase": "2020-10-22 15:24:17.490059"}
