{"customer_id": "C12", "basket": [{"product_id": "P55", "price": 1621}, {"product_id": "P53", "price": 389}], "date_of_purchase": "2020-08-21 03:10:17.490059"}
{"customer_id": "C25", "basket": [{"product_id": "P17", "price": 1452}, {"product_id": "P17", "price": 775}, {"product_id": "P13", "price": 1198}], "date_of_purchase": "2020-08-21 11:36:17.490059"}
{"customer_id": "C27", "basket": [{"product_id": "P20", "price": 1183}, {"product_id": "P18", "price": 1066}], "date_of_purchase": "2020-08-21 01:07:17.490059"}
{"customer_id": "C28", "basket": [{"product_id": "P27", "price": 554}, {"product_id": "P32", "price": 384}], "date_of_purchase": "2020-08-21 15:43:17.490059"}
{"customer_id": "C30", "basket": [{"product_id": "P23", "price": 1319}, {"product_id": "P23", "price": 993}], "date_of_purchase": "2020-08-21 04:23:17.490059"}
{"customer_id": "C33", "basket": [{"product_id": "P35", "price": 1439}, {"product_id": "P40", "price": 72}], "date_of_purchase": "2020-08-21 13:39:17.490059"}
{"customer_id": "C34", "basket": [{"product_id": "P56", "price": 1754}], "date_of_purchase": "2020-08-20 23:39:17.490059"}
{"customer_id": "C38", "basket": [{"product_id": "P62", "price": 585}, {"product_id": "P61", "price": 316}, {"product_id": "P63", "price": 463}], "date_of_purchase": "2020-08-21 09:05:17.490059"}
{"customer_id": "C50", "basket": [{"product_id": "P03", "price": 630}, {"product_id": "P06", "price": 674}], "date_of_purchase": "2020-08-21 06:01:17.490059"}
{"customer_id": "C56", "basket": [{"product_id": "P22", "price": 533}, {"product_id": "P31", "price": 971}, {"product_id": "P25", "price": 1382}], "date_of_purchase": "2020-08-21 01:52:17.490059"}
{"customer_id": "C62", "basket": [{"product_id": "P44", "price": 234}, {"product_id": "P54", "price": 292}, {"product_id": "P42", "price": 1529}], "date_of_purchase": "2020-08-21 01:23:17.490059"}
{"customer_id": "C65", "basket": [{"product_id": "P51", "price": 891}, {"product_id": "P50", "price": 1541}], "date_of_purchase": "2020-08-21 10:56:17.490059"}
{"customer_id": "C66", "basket": [{"product_id": "P39", "price": 1981}], "date_of_purchase": "2020-08-21 13:04:17.490059"}
{"customer_id": "C67", "basket": [{"product_id": "P25", "price": 961}, {"product_id": "P22", "price": 792}], "date_of_purchase": "2020-08-21 03:08:17.490059"}
{"customer_id": "C75", "basket": [{"product_id": "P11", "price": 770}, {"product_id": "P08", "price": 994}, {"product_id": "P06", "price": 151}], "date_of_purchase": "2020-08-20 22:25:17.490059"}
{"customer_id": "C85", "basket": [{"product_id": "P10", "price": 156}, {"product_id": "P01", "price": 33}, {"product_id": "P07", "price": 709}], "date_of_purchase": "2020-08-20 21:58:17.490059"}
{"customer_id": "C92", "basket": [{"product_id": "P31", "price": 272}, {"product_id": "P31", "price": 1973}, {"product_id": "P31", "price": 1315}], "date_of_purchase": "2020-08-21 12:12:17.490059"}
{"customer_id": "C93", "basket": [{"product_id": "P38", "price": 30}, {"product_id": "P35", "price": 1114}, {"product_id": "P40", "price": 734}], "date_of_purchase": "2020-08-20 21:42:17.490059"}
{"customer_id": "C101", "basket": [{"product_id": "P62", "price": 358}], "date_of_purchase": "2020-08-21 16:33:17.490059"}
{"customer_id": "C108", "basket": [{"product_id": "P63", "price": 1951}], "date_of_purchase": "2020-08-20 22:56:17.490059"}
{"customer_id": "C109", "basket": [{"product_id": "P49", "price": 212}], "date_of_purchase": "2020-08-21 07:21:17.490059"}
{"customer_id": "C115", "basket": [{"product_id": "P64", "price": 562}, {"product_id": "P62", "price": 166}], "date_of_purchase": "2020-08-20 22:23:17.490059"}
{"customer_id": "C118", "basket": [{"product_id": "P06", "price": 1860}, {"product_id": "P10", "price": 841}, {"product_id": "P07", "price": 1792}], "date_of_purchase": "2020-08-21 15:46:17.490059"}
{"customer_id": "C131", "basket": [{"product_id": "P29", "price": 1875}, {"product_id": "P24", "price": 1182}, {"product_id": "P33", "price": 369}], "date_of_purchase": "2020-08-21 02:03:17.490059"}
{"customer_id": "C136", "basket": [{"product_id": "P63", "price": 1798}], "date_of_purchase": "2020-08-21 13:21:17.490059"}
