{"customer_id": "C3", "basket": [{"product_id": "P39", "price": 86}, {"product_id": "P36", "price": 1651}, {"product_id": "P36", "price": 777}], "date_of_purchase": "2020-08-19 22:37:17.490059"}
{"customer_id": "C4", "basket": [{"product_id": "P63", "price": 1655}, {"product_id": "P62", "price": 1809}], "date_of_purchase": "2020-08-19 21:19:17.490059"}
{"customer_id": "C15", "basket": [{"product_id": "P40", "price": 1049}, {"product_id": "P40", "price": 1949}], "date_of_purchase": "2020-08-20 14:52:17.490059"}
{"customer_id": "C18", "basket": [{"product_id": "P21", "price": 13}, {"product_id": "P15", "price": 410}], "date_of_purchase": "2020-08-20 09:28:17.490059"}
{"customer_id": "C20", "basket": [{"product_id": "P64", "price": 1886}, {"product_id": "P61", "price": 1725}], "date_of_purchase": "2020-08-20 06:53:17.490059"}
{"customer_id": "C23", "basket": [{"product_id": "P03", "price": 1152}, {"product_id": "P06", "price": 1236}, {"product_id": "P12", "price": 204}], "date_of_purchase": "2020-08-20 05:43:17.490059"}
{"customer_id": "C25", "basket": [{"product_id": "P14", "price": 1648}, {"product_id": "P15", "price": 168}, {"product_id": "P17", "price": 1370}], "date_of_purchase": "2020-08-20 13:01:17.490059"}
{"customer_id": "C31", "basket": [{"product_id": "P63", "price": 1327}, {"product_id": "P62", "price": 1090}], "date_of_purchase": "2020-08-19 23:12:17.490059"}
{"customer_id": "C34", "basket": [{"product_id": "P14", "price": 57}, {"product_id": "P20", "price": 1207}], "date_of_purchase": "2020-08-20 11:58:17.490059"}
{"customer_id": "C40", "basket": [{"product_id": "P60", "price": 1147}], "date_of_purchase": "2020-08-20 15:49:17.490059"}
{"customer_id": "C41", "basket": [{"product_id": "P09", "price": 1882}], "date_of_purchase": "2020-08-20 08:41:17.490059"}
{"customer_id": "C43", "basket": [{"product_id": "P10", "price": 889}, {"product_id": "P09", "price": 1894}], "date_of_purchase": "2020-08-20 01:08:17.490059"}
{"customer_id": "C58", "basket": [{"product_id": "P38", "price": 478}], "date_of_purchase": "2020-08-19 20:41:17.490059"}
{"customer_id": "C59", "basket": [{"product_id": "P50", "price": 1977}, {"product_id": "P56", "price": 678}, {"product_id": "P55", "price": 1531}], "date_of_purchase": "2020-08-20 07:13:17.490059"}
{"customer_id": "C60", "basket": [{"product_id": "P64", "price": 1500}, {"product_id": "P62", "price": 507}], "date_of_purchase": "2020-08-20 02:22:17.490059"}
{"customer_id": "C81", "basket": [{"product_id": "P53", "price": 1760}, {"product_id": "P55", "price": 1104}], "date_of_purchase": "2020-08-20 06:07:17.490059"}
{"customer_id": "C83", "basket": [{"product_id": "P12", "price": 572}, {"product_id": "P12", "price": 582}], "date_of_purchase": "2020-08-20 00:36:17.490059"}
{"customer_id": "C87", "basket": [{"product_id": "P19", "price": 1156}], "date_of_purchase": "2020-08-20 09:31:17.490059"}
{"customer_id": "C93", "basket": [{"product_id": "P35", "price": 1447}], "date_of_purchase": "2020-08-20 13:39:17.490059"}
{"customer_id": "C98", "basket": [{"product_id": "P62", "price": 1609}], "date_of_purchase": "2020-08-20 15:46:17.490059"}
{"customer_id": "C102", "basket": [{"product_id": "P37", "price": 412}, {"product_id": "P40", "price": 1742}], "date_of_purchase": "2020-08-19 19:48:17.490059"}
{"customer_id": "C103", "basket": [{"product_id": "P41", "price": 1621}, {"product_id": "P53", "price": 1882}, {"product_id": "P46", "price": 559}], "date_of_purchase": "2020-08-20 15:47:17.490059"}
{"customer_id": "C108", "basket": [{"product_id": "P35", "price": 1857}], "date_of_purchase": "2020-08-20 16:07:17.490059"}
{"customer_id": "C109", "basket": [{"product_id": "P42", "price": 1101}, {"product_id": "P51", "price": 185}], "date_of_purchase": "2020-08-20 10:20:17.490059"}
{"customer_id": "C125", "basket": [{"product_id": "P08", "price": 1094}, {"product_id": "P07", "price": 1480}, {"product_id": "P03", "price": 602}], "date_of_purchase": "2020-08-20 16:32:17.490059"}
{"customer_id": "C128", "basket": [{"product_id": "P40", "price": 1852}], "date_of_purchase": "2020-08-20 09:56:17.490059"}
{"customer_id": "C131", "basket": [{"product_id": "P37", "price": 1171}], "date_of_purchase": "2020-08-20 15:01:17.490059"}
