{"customer_id": "C1", "basket": [{"product_id": "P61", "price": 1131}, {"product_id": "P63", "price": 1951}, {"product_id": "P62", "price": 1913}], "date_of_purchase": "2020-08-28 03:04:17.490059"}
{"customer_id": "C8", "basket": [{"product_id": "P43", "price": 656}], "date_of_purchase": "2020-08-28 08:43:17.490059"}
{"customer_id": "C10", "basket": [{"product_id": "P53", "price": 40}, {"product_id": "P58", "price": 1088}, {"product_id": "P43", "price": 1960}], "date_of_purchase": "2020-08-27 21:53:17.490059"}
{"customer_id": "C11", "basket": [{"product_id": "P60", "price": 484}, {"product_id": "P59", "price": 1309}, {"product_id": "P47", "price": 1632}], "date_of_purchase": "2020-08-28 02:19:17.490059"}
{"customer_id": "C16", "basket": [{"product_id": "P36", "price": 330}, {"product_id": "P38", "price": 1109}], "date_of_purchase": "2020-08-28 13:07:17.490059"}
{"customer_id": "C21", "basket": [{"product_id": "P31", "price": 574}, {"product_id": "P34", "price": 1957}, {"product_id": "P26", "price": 532}], "date_of_purchase": "2020-08-28 01:33:17.490059"}
{"customer_id": "C24", "basket": [{"product_id": "P36", "price": 62}, {"product_id": "P35", "price": 435}], "date_of_purchase": "2020-08-28 13:12:17.490059"}
{"customer_id": "C26", "basket": [{"product_id": "P40", "price": 1966}, {"product_id": "P40", "price": 282}, {"product_id": "P40", "price": 735}], "date_of_purchase": "2020-08-28 12:41:17.490059"}
{"customer_id": "C31", "basket": [{"product_id": "P62", "price": 1235}, {"product_id": "P63", "price": 1660}], "date_of_purchase": "2020-08-28 02:05:17.490059"}
{"customer_id": "C32", "basket": [{"product_id": "P37", "price": 1147}, {"product_id": "P40", "price": 117}, {"product_id": "P37", "price": 956}], "date_of_purchase": "2020-08-28 01:04:17.490059"}
{"customer_id": "C41", "basket": [{"product_id": "P04", "price": 1336}, {"product_id": "P07", "price": 911}, {"product_id": "P08", "price": 1621}], "date_of_purchase": "2020-08-28 04:06:17.490059"}
{"customer_id": "C43", "basket": [{"product_id": "P02", "price": 1160}, {"product_id": "P04", "price": 641}], "date_of_purchase": "2020-08-28 12:44:17.490059"}
{"customer_id": "C48", "basket": [{"product_id": "P49", "price": 245}, {"product_id": "P55", "price": 1330}, {"product_id": "P50", "price": 892}], "date_of_purchase": "2020-08-28 08:13:17.490059"}
{"customer_id": "C54", "basket": [{"product_id": "P34", "price": 226}], "date_of_purchase": "2020-08-28 11:37:17.490059"}
{"customer_id": "C59", "basket": [{"product_id": "P58", "price": 670}], "date_of_purchase": "2020-08-28 10:29:17.490059"}
{"customer_id": "C65", "basket": [{"product_id": "P38", "price": 1899}], "date_of_purchase": "2020-08-28 13:47:17.490059"}
{"customer_id": "C71", "basket": [{"product_id": "P13", "price": 1384}, {"product_id": "P14", "price": 1669}, {"product_id": "P13", "price": 610}], "date_of_purchase": "2020-08-28 10:24:17.490059"}
{"customer_id": "C78", "basket": [{"product_id": "P32", "price": 1723}, {"product_id": "P22", "price": 1237}, {"product_id": "P24", "price": 201}], "date_of_purchase": "2020-08-28 14:21:17.490059"}
{"customer_id": "C79", "basket": [{"product_id": "P26", "price": 138}], "date_of_purchase": "2020-08-28 00:29:17.490059"}
{"customer_id": "C80", "basket": [{"product_id": "P60", "price": 379}, {"product_id": "P53", "price": 478}], "date_of_purchase": "2020-08-27 23:24:17.490059"}
{"customer_id": "C81", "basket": [{"product_id": "P54", "price": 979}], "date_of_purchase": "2020-08-27 23:37:17.490059"}
{"customer_id": "C87", "basket": [{"product_id": "P13", "price": 47}, {"product_id": "P19", "price": 1765}], "date_of_purchase": "2020-08-28 00:01:17.490059"}
{"customer_id": "C94", "basket": [{"product_id": "P32", "price": 1825}], "date_of_purchase": "2020-08-28 11:12:17.490059"}
{"customer_id": "C105", "basket": [{"product_id": "P52", "price": 858}, {"product_id": "P41", "price": 1569}, {"product_id": "P44", "price": 1633}], "date_of_purchase": "2020-08-28 09:56:17.490059"}
{"customer_id": "C115", "basket": [{"product_id": "P12", "price": 291}], "date_of_purchase": "2020-08-28 16:35:17.490059"}
{"customer_id": "C125", "basket": [{"product_id": "P55", "price": 361}, {"product_id": "P55", "price": 471}, {"product_id": "P51", "price": 252}], "date_of_purchase": "2020-08-28 02:30:17.490059"}
{"customer_id": "C131", "basket": [{"product_id": "P35", "price": 601}], "date_of_purchase": "2020-08-28 13:29:17.490059"}
{"customer_id": "C133", "basket": [{"product_id": "P27", "price": 1481}, {"product_id": "P25", "price": 1076}, {"product_id": "P24", "price": 1307}], "date_of_purchase": "2020-08-27 20:11:17.490059"}
{"customer_id": "C135", "basket": [{"product_id": "P02", "price": 1177}], "date_of_purchase": "2020-08-27 23:50:17.490059"}
{"customer_id": "C136", "basket": [{"product_id": "P38", "price": 1777}], "date_of_purchase": "2020-08-28 11:00:17.490059"}
