{"customer_id": "C7", "basket": [{"product_id": "P24", "price": 616}], "date_of_purchase": "2020-10-13 11:21:17.490059"}
{"customer_id": "C28", "basket": [{"product_id": "P24", "price": 1161}], "date_of_purchase": "2020-10-12 19:49:17.490059"}
{"customer_id": "C57", "basket": [{"product_id": "P28", "price": 1202}, {"product_id": "P33", "price": 1157}], "date_of_purchase": "2020-10-13 08:49:17.490059"}
{"customer_id": "C63", "basket": [{"product_id": "P59", "price": 813}, {"product_id": "P44", "price": 29}, {"product_id": "P55", "price": 844}], "date_of_purchase": "2020-10-13 14:39:17.490059"}
{"customer_id": "C64", "basket": [{"product_id": "P30", "price": 73}, {"product_id": "P27", "price": 1217}], "date_of_purchase": "2020-10-12 20:38:17.490059"}
{"customer_id": "C65", "basket": [{"product_id": "P02", "price": 284}, {"product_id": "P08", "price": 1558}, {"product_id": "P04", "price": 439}], "date_of_purchase": "2020-10-13 14:58:17.490059"}
{"customer_id": "C68", "basket": [{"product_id": "P63", "price": 10}, {"product_id": "P64", "price": 83}], "date_of_purchase": "2020-10-13 04:56:17.490059"}
{"customer_id": "C77", "basket": [{"product_id": "P40", "price": 804}, {"product_id": "P38", "price": 1018}, {"product_id": "P36", "price": 913}], "date_of_purchase": "2020-10-13 16:41:17.490059"}
{"customer_id": "C90", "basket": [{"product_id": "P28", "price": 1773}], "date_of_purchase": "2020-10-12 23:22:17.490059"}
{"customer_id": "C92", "basket": [{"product_id": "P29", "price": 249}, {"product_id": "P28", "price": 1575}, {"product_id": "P23", "price": 1515}], "date_of_purchase": "2020-10-13 07:43:17.490059"}
{"customer_id": "C98", "basket": [{"product_id": "P64", "price": 1357}, {"product_id": "P63", "price": 788}, {"product_id": "P61", "price": 480}], "date_of_purchase": "2020-10-13 05:04:17.490059"}
{"customer_id": "C108", "basket": [{"product_id": "P52", "price": 255}, {"product_id": "P58", "price": 263}, {"product_id": "P58", "price": 1825}], "date_of_purchase": "2020-10-13 14:24:17.490059"}
{"customer_id": "C125", "basket": [{"product_id": "P08", "price": 1513}, {"product_id": "P04", "price": 42}], "date_of_purchase": "2020-10-13 02:22:17.490059"}
