{"customer_id": "C2", "basket": [{"product_id": "P33", "price": 1960}, {"product_id": "P27", "price": 34}], "date_of_purchase": "2020-11-09 21:08:17.490059"}
{"customer_id": "C8", "basket": [{"product_id": "P49", "price": 1935}], "date_of_purchase": "2020-11-10 06:08:17.490059"}
{"customer_id": "C15", "basket": [{"product_id": "P37", "price": 105}], "date_of_purchase": "2020-11-10 15:18:17.490059"}
{"customer_id": "C23", "basket": [{"product_id": "P34", "price": 411}, {"product_id": "P26", "price": 304}, {"product_id": "P32", "price": 972}], "date_of_purchase": "2020-11-09 23:12:17.490059"}
{"customer_id": "C31", "basket": [{"product_id": "P63", "price": 1341}], "date_of_purchase": "2020-11-09 22:59:17.490059"}
{"customer_id": "C33", "basket": [{"product_id": "P36", "price": 1937}, {"product_id": "P40", "price": 824}], "date_of_purchase": "2020-11-10 07:38:17.490059"}
{"customer_id": "C38", "basket": [{"product_id": "P40", "price": 808}], "date_of_purchase": "2020-11-09 21:24:17.490059"}
{"customer_id": "C39", "basket": [{"product_id": "P02", "price": 127}, {"product_id": "P03", "price": 804}, {"product_id": "P12", "price": 708}], "date_of_purchase": "2020-11-10 16:41:17.490059"}
{"customer_id": "C41", "basket": [{"product_id": "P57", "price": 35}, {"product_id": "P42", "price": 816}, {"product_id": "P46", "price": 136}], "date_of_purchase": "2020-11-10 09:40:17.490059"}
{"customer_id": "C43", "basket": [{"product_id": "P11", "price": 812}], "date_of_purchase": "2020-11-10 15:42:17.490059"}
{"customer_id": "C46", "basket": [{"product_id": "P11", "price": 1621}, {"product_id": "P01", "price": 415}, {"product_id": "P09", "price": 1610}], "date_of_purchase": "2020-11-09 23:58:17.490059"}
{"customer_id": "C48", "basket": [{"product_id": "P12", "price": 1676}], "date_of_purchase": "2020-11-10 02:28:17.490059"}
{"customer_id": "C72", "basket": [{"product_id": "P07", "price": 271}, {"product_id": "P05", "price": 1972}], "date_of_purchase": "2020-11-10 06:49:17.490059"}
{"customer_id": "C75", "basket": [{"product_id": "P11", "price": 654}], "date_of_purchase": "2020-11-10 13:00:17.490059"}
{"customer_id": "C80", "basket": [{"product_id": "P46", "price": 1114}, {"product_id": "P55", "price": 918}, {"product_id": "P50", "price": 1986}], "date_of_purchase": "2020-11-10 04:18:17.490059"}
{"customer_id": "C83", "basket": [{"product_id": "P15", "price": 450}, {"product_id": "P20", "price": 1155}], "date_of_purchase": "2020-11-10 07:25:17.490059"}
{"customer_id": "C89", "basket": [{"product_id": "P38", "price": 1040}, {"product_id": "P38", "price": 801}], "date_of_purchase": "2020-11-09 22:02:17.490059"}
{"customer_id": "C90", "basket": [{"product_id": "P29", "price": 1509}, {"product_id": "P28", "price": 338}, {"product_id": "P23", "price": 288}], "date_of_purchase": "2020-11-10 07:59:17.490059"}
{"customer_id": "C100", "basket": [{"product_id": "P40", "price": 743}, {"product_id": "P37", "price": 846}], "date_of_purchase": "2020-11-09 20:05:17.490059"}
{"customer_id": "C102", "basket": [{"product_id": "P12", "price": 1841}, {"product_id": "P06", "price": 621}, {"product_id": "P06", "price": 1757}], "date_of_purchase": "2020-11-09 23:47:17.490059"}
{"customer_id": "C110", "basket": [{"product_id": "P50", "price": 998}, {"product_id": "P42", "price": 620}], "date_of_purchase": "2020-11-10 15:40:17.490059"}
{"customer_id": "C121", "basket": [{"product_id": "P25", "price": 1996}], "date_of_purchase": "2020-11-10 05:05:17.490059"}
{"customer_id": "C122", "basket": [{"product_id": "P38", "price": 505}, {"product_id": "P40", "price": 1369}], "date_of_purchase": "2020-11-10 10:09:17.490059"}
{"customer_id": "C126", "basket": [{"product_id": "P33", "price": 1188}, {"product_id": "P23", "price": 481}, {"product_id": "P29", "price": 4}], "date_of_purchase": "2020-11-10 01:12:17.490059"}
{"customer_id": "C127", "basket": [{"product_id": "P37", "price": 621}, {"product_id": "P38", "price": 971}, {"product_id": "P40", "price": 456}], "date_of_purchase": "2020-11-10 01:08:17.490059"}
{"customer_id": "C136", "basket": [{"product_id": "P28", "price": 364}, {"product_id": "P29", "price": 755}], "date_of_purchase": "2020-11-10 11:12:17.490059"}
