{"customer_id": "C1", "basket": [{"product_id": "P63", "price": 1572}, {"product_id": "P64", "price": 1487}, {"product_id": "P63", "price": 315}], "date_of_purchase": "2020-10-15 09:19:17.490059"}
{"customer_id": "C3", "basket": [{"product_id": "P52", "price": 845}, {"product_id": "P58", "price": 1938}], "date_of_purchase": "2020-10-15 00:15:17.490059"}
{"customer_id": "C8", "basket": [{"product_id": "P60", "price": 259}], "date_of_purchase": "2020-10-15 16:50:17.490059"}
{"customer_id": "C12", "basket": [{"product_id": "P42", "price": 1855}, {"product_id": "P49", "price": 379}, {"product_id": "P52", "price": 297}], "date_of_purchase": "2020-10-14 20:19:17.490059"}
{"customer_id": "C14", "basket": [{"product_id": "P29", "price": 1249}, {"product_id": "P33", "price": 996}, {"product_id": "P26", "price": 507}], "date_of_purchase": "2020-10-14 21:41:17.490059"}
{"customer_id": "C21", "basket": [{"product_id": "P29", "price": 22}, {"product_id": "P23", "price": 767}], "date_of_purchase": "2020-10-15 08:59:17.490059"}
{"customer_id": "C25", "basket": [{"product_id": "P16", "price": 1203}, {"product_id": "P14", "price": 16}], "date_of_purchase": "2020-10-15 00:27:17.490059"}
{"customer_id": "C26", "basket": [{"product_id": "P35", "price": 1752}, {"product_id": "P38", "price": 579}, {"product_id": "P36", "price": 1325}], "date_of_purchase": "2020-10-15 07:30:17.490059"}
{"customer_id": "C55", "basket": [{"product_id": "P05", "price": 1961}, {"product_id": "P09", "price": 1139}, {"product_id": "P06", "price": 1126}], "date_of_purchase": "2020-10-14 23:17:17.490059"}
{"customer_id": "C61", "basket": [{"product_id": "P40", "price": 211}, {"product_id": "P38", "price": 567}, {"product_id": "P40", "price": 1579}], "date_of_purchase": "2020-10-14 21:23:17.490059"}
{"customer_id": "C66", "basket": [{"product_id": "P36", "price": 801}, {"product_id": "P36", "price": 368}, {"product_id": "P36", "price": 279}], "date_of_purchase": "2020-10-15 16:21:17.490059"}
{"customer_id": "C67", "basket": [{"product_id": "P63", "price": 1144}], "date_of_purchase": "2020-10-15 16:33:17.490059"}
{"customer_id": "C76", "basket": [{"product_id": "P35", "price": 1141}], "date_of_purchase": "2020-10-14 20:16:17.490059"}
{"customer_id": "C90", "basket": [{"product_id": "P38", "price": 551}, {"product_id": "P40", "price": 1290}], "date_of_purchase": "2020-10-15 01:28:17.490059"}
{"customer_id": "C107", "basket": [{"product_id": "P24", "price": 1170}, {"product_id": "P29", "price": 28}], "date_of_purchase": "2020-10-15 07:43:17.490059"}
{"customer_id": "C108", "basket": [{"product_id": "P48", "price": 801}, {"product_id": "P42", "price": 1579}, {"product_id": "P44", "price": 1713}], "date_of_purchase": "2020-10-15 16:51:17.490059"}
{"customer_id": "C110", "basket": [{"product_id": "P29", "price": 32}, {"product_id": "P31", "price": 1570}], "date_of_purchase": "2020-10-15 14:31:17.490059"}
{"customer_id": "C134", "basket": [{"product_id": "P20", "price": 21}], "date_of_purchase": "2020-10-15 11:24:17.490059"}
