{"customer_id": "C1", "basket": [{"product_id": "P64", "price": 1146}], "date_of_purchase": "2020-08-11 13:29:17.490059"}
{"customer_id": "C8", "basket": [{"product_id": "P44", "price": 1426}, {"product_id": "P49", "price": 1108}], "date_of_purchase": "2020-08-10 22:45:17.490059"}
{"customer_id": "C10", "basket": [{"product_id": "P60", "price": 39}, {"product_id": "P49", "price": 1155}, {"product_id": "P46", "price": 178}], "date_of_purchase": "2020-08-11 15:02:17.490059"}
{"customer_id": "C29", "basket": [{"product_id": "P34", "price": 15}], "date_of_purchase": "2020-08-11 03:51:17.490059"}
{"customer_id": "C31", "basket": [{"product_id": "P64", "price": 1746}, {"product_id": "P64", "price": 859}, {"product_id": "P64", "price": 1969}], "date_of_purchase": "2020-08-11 16:17:17.490059"}
{"customer_id": "C34", "basket": [{"product_id": "P54", "price": 940}, {"product_id": "P49", "price": 989}], "date_of_purchase": "2020-08-10 22:17:17.490059"}
{"customer_id": "C54", "basket": [{"product_id": "P35", "price": 145}, {"product_id": "P37", "price": 485}], "date_of_purchase": "2020-08-10 20:24:17.490059"}
{"customer_id": "C62", "basket": [{"product_id": "P52", "price": 1564}, {"product_id": "P44", "price": 1461}], "date_of_purchase": "2020-08-11 11:01:17.490059"}
{"customer_id": "C64", "basket": [{"product_id": "P34", "price": 1730}, {"product_id": "P29", "price": 1132}, {"product_id": "P28", "price": 988}], "date_of_purchase": "2020-08-11 15:11:17.490059"}
{"customer_id": "C68", "basket": [{"product_id": "P61", "price": 29}, {"product_id": "P64", "price": 1456}], "date_of_purchase": "2020-08-10 23:29:17.490059"}
{"customer_id": "C69", "basket": [{"product_id": "P07", "price": 964}, {"product_id": "P03", "price": 619}], "date_of_purchase": "2020-08-10 22:39:17.490059"}
{"customer_id": "C83", "basket": [{"product_id": "P20", "price": 1238}, {"product_id": "P16", "price": 1981}], "date_of_purchase": "2020-08-11 15:21:17.490059"}
{"customer_id": "C86", "basket": [{"product_id": "P09", "price": 1844}, {"product_id": "P01", "price": 496}, {"product_id": "P02", "price": 922}], "date_of_purchase": "2020-08-11 07:13:17.490059"}
{"customer_id": "C89", "basket": [{"product_id": "P35", "price": 1872}, {"product_id": "P40", "price": 198}, {"product_id": "P36", "price": 425}], "date_of_purchase": "2020-08-11 08:16:17.490059"}
{"customer_id": "C90", "basket": [{"product_id": "P39", "price": 131}, {"product_id": "P38", "price": 972}, {"product_id": "P39", "price": 1292}], "date_of_purchase": "2020-08-11 09:44:17.490059"}
{"customer_id": "C95", "basket": [{"product_id": "P26", "price": 1884}], "date_of_purchase": "2020-08-11 15:42:17.490059"}
{"customer_id": "C98", "basket": [{"product_id": "P61", "price": 1578}, {"product_id": "P61", "price": 578}], "date_of_purchase": "2020-08-11 03:32:17.490059"}
{"customer_id": "C107", "basket": [{"product_id": "P22", "price": 404}, {"product_id": "P24", "price": 1605}, {"product_id": "P28", "price": 1990}], "date_of_purchase": "2020-08-10 20:00:17.490059"}
{"customer_id": "C117", "basket": [{"product_id": "P08", "price": 1058}, {"product_id": "P06", "price": 1355}, {"product_id": "P07", "price": 1126}], "date_of_purchase": "2020-08-11 02:37:17.490059"}
{"customer_id": "C120", "basket": [{"product_id": "P31", "price": 1757}, {"product_id": "P27", "price": 523}], "date_of_purchase": "2020-08-11 13:46:17.490059"}
{"customer_id": "C125", "basket": [{"product_id": "P55", "price": 148}, {"product_id": "P60", "price": 1497}], "date_of_purchase": "2020-08-11 09:54:17.490059"}
{"customer_id": "C126", "basket": [{"product_id": "P35", "price": 547}, {"product_id": "P36", "price": 620}], "date_of_purchase": "2020-08-11 02:25:17.490059"}
{"customer_id": "C129", "basket": [{"product_id": "P08", "price": 1530}], "date_of_purchase": "2020-08-11 06:25:17.490059"}
{"customer_id": "C131", "basket": [{"product_id": "P38", "price": 1253}, {"product_id": "P40", "price": 322}, {"product_id": "P40", "price": 814}], "date_of_purchase": "2020-08-11 11:05:17.490059"}
