{"customer_id": "C13", "basket": [{"product_id": "P55", "price": 184}], "date_of_purchase": "2020-08-30 03:02:17.490059"}
{"customer_id": "C15", "basket": [{"product_id": "P42", "price": 1845}, {"product_id": "P49", "price": 556}], "date_of_purchase": "2020-08-29 23:01:17.490059"}
{"customer_id": "C25", "basket": [{"product_id": "P13", "price": 769}, {"product_id": "P19", "price": 1938}, {"product_id": "P20", "price": 1299}], "date_of_purchase": "2020-08-29 20:42:17.490059"}
{"customer_id": "C28", "basket": [{"product_id": "P57", "price": 1311}, {"product_id": "P56", "price": 655}], "date_of_purchase": "2020-08-29 23:54:17.490059"}
{"customer_id": "C31", "basket": [{"product_id": "P62", "price": 1915}, {"product_id": "P61", "price": 1468}, {"product_id": "P64", "price": 1847}], "date_of_purchase": "2020-08-30 14:43:17.490059"}
{"customer_id": "C32", "basket": [{"product_id": "P61", "price": 87}, {"product_id": "P61", "price": 179}, {"product_id": "P62", "price": 1927}], "date_of_purchase": "2020-08-30 07:52:17.490059"}
{"customer_id": "C42", "basket": [{"product_id": "P54", "price": 418}], "date_of_purchase": "2020-08-30 07:58:17.490059"}
{"customer_id": "C44", "basket": [{"product_id": "P43", "price": 144}, {"product_id": "P53", "price": 923}, {"product_id": "P55", "price": 1159}], "date_of_purchase": "2020-08-30 14:34:17.490059"}
{"customer_id": "C45", "basket": [{"product_id": "P54", "price": 1764}, {"product_id": "P41", "price": 1363}, {"product_id": "P57", "price": 1910}], "date_of_purchase": "2020-08-29 22:16:17.490059"}
{"customer_id": "C46", "basket": [{"product_id": "P10", "price": 685}], "date_of_purchase": "2020-08-30 05:06:17.490059"}
{"customer_id": "C48", "basket": [{"product_id": "P04", "price": 1575}, {"product_id": "P07", "price": 1379}], "date_of_purchase": "2020-08-29 22:05:17.490059"}
{"customer_id": "C52", "basket": [{"product_id": "P19", "price": 1024}, {"product_id": "P13", "price": 1922}, {"product_id": "P17", "price": 253}], "date_of_purchase": "2020-08-30 00:13:17.490059"}
{"customer_id": "C53", "basket": [{"product_id": "P47", "price": 1796}, {"product_id": "P54", "price": 720}, {"product_id": "P48", "price": 1314}], "date_of_purchase": "2020-08-29 20:23:17.490059"}
{"customer_id": "C55", "basket": [{"product_id": "P33", "price": 1499}], "date_of_purchase": "2020-08-30 12:52:17.490059"}
{"customer_id": "C62", "basket": [{"product_id": "P52", "price": 1389}], "date_of_purchase": "2020-08-30 06:37:17.490059"}
{"customer_id": "C66", "basket": [{"product_id": "P03", "price": 630}], "date_of_purchase": "2020-08-30 05:52:17.490059"}
{"customer_id": "C73", "basket": [{"product_id": "P59", "price": 943}], "date_of_purchase": "2020-08-30 13:03:17.490059"}
{"customer_id": "C75", "basket": [{"product_id": "P12", "price": 1927}], "date_of_purchase": "2020-08-30 12:58:17.490059"}
{"customer_id": "C77", "basket": [{"product_id": "P26", "price": 1785}, {"product_id": "P30", "price": 953}], "date_of_purchase": "2020-08-30 05:59:17.490059"}
{"customer_id": "C89", "basket": [{"product_id": "P37", "price": 660}], "date_of_purchase": "2020-08-30 13:04:17.490059"}
{"customer_id": "C90", "basket": [{"product_id": "P30", "price": 1989}], "date_of_purchase": "2020-08-30 12:34:17.490059"}
{"customer_id": "C92", "basket": [{"product_id": "P22", "price": 683}, {"product_id": "P32", "price": 1899}], "date_of_purchase": "2020-08-30 09:40:17.490059"}
{"customer_id": "C95", "basket": [{"product_id": "P34", "price": 802}, {"product_id": "P33", "price": 1880}, {"product_id": "P24", "price": 613}], "date_of_purchase": "2020-08-29 23:35:17.490059"}
{"customer_id": "C98", "basket": [{"product_id": "P64", "price": 348}, {"product_id": "P61", "price": 1114}], "date_of_purchase": "2020-08-30 05:08:17.490059"}
{"customer_id": "C99", "basket": [{"product_id": "P58", "price": 1583}, {"product_id": "P42", "price": 230}], "date_of_purchase": "2020-08-29 21:29:17.490059"}
{"customer_id": "C102", "basket": [{"product_id": "P38", "price": 340}], "date_of_purchase": "2020-08-30 13:38:17.490059"}
{"customer_id": "C109", "basket": [{"product_id": "P02", "price": 1270}], "date_of_purchase": "2020-08-30 04:03:17.490059"}
{"customer_id": "C111", "basket": [{"product_id": "P62", "price": 1192}, {"product_id": "P61", "price": 1448}], "date_of_purchase": "2020-08-30 07:20:17.490059"}
{"customer_id": "C117", "basket": [{"product_id": "P61", "price": 987}], "date_of_purchase": "2020-08-30 00:54:17.490059"}
{"customer_id": "C124", "basket": [{"product_id": "P36", "price": 1653}, {"product_id": "P39", "price": 227}, {"product_id": "P37", "price": 1715}], "date_of_purchase": "2020-08-30 09:02:17.490059"}
